index,post_id
0,C-YbFlAS_Qo
1,DBRyRfaRNVn
2,C6q1DRvOxec
3,C_yNCVNpQwE
4,C50yXdfrqN9
5,C9u8T2oOucZ
6,C-DXZgbOkpL
7,C-sMKNjuCDh
8,C3UKnCJM20g
9,C69FLl1A2qw
10,C7AxcCdLAAW
11,C3JZ0wivIqb
12,C5j1PoKgShq
13,C13K-t2oUAQ
14,DA9WW8hqLPk
15,C9INx75JUhx
16,C2FtxwBRDzg
17,C1zxtS8vCE7
18,C-V6tW3u8fR
19,C-ENTmNu4LL
20,C7UrACsPIn_
21,C7UrACsPIn_
22,C6pdQHzNQwR
23,C_eCw0PpUD2
24,C2swdVjPcEr
25,Cz7GuxfJQM4
26,C6RP6yEuaPt
27,DAi67vQOFfe
28,C-fvNDcuuQg
29,DBRD2tLusf-
30,C9k85uYJxmE
31,C5Wuhonue44
32,C3Fs12rr5TK
33,DBuYWFRPLCc
34,C9QCJMPvmkJ
35,C5qwZb0u0EH
36,C-Nbj5Ss_kr
37,C5rtVTPuhXQ
38,C3lziHLu2cg
39,C2D7ftGuCjI
40,C5Ootbmg-Yf
41,C7SnXfEgTXf
42,C40gN78O1TP
43,C9pdPlpOkKR
44,C9oDxNIsaGV
45,C7MHl5lOuTN
46,C3OYaypOK4W
47,C2AelAfusO0
48,C5rDr0POygX
49,C7M-tpfPXnz
50,C3bhIuKsSFx
51,C5pCrN2MANn
52,C4ir-hWLBhL
53,C4n3p9buShE
54,C1A_MgLuXIq
55,C-cubbruXeH
56,C-5_QPIyNVK
57,C0SY6ZKvx4L
58,C_OPxz_pxZG
59,C3ThOB1P50v
60,C0tq0g2M1NP
61,C4ZSIArMZ7A
62,C3NU9h1scIT
63,C191dK9LTeH
64,C8N8pRuM4UT
65,DBZ61A-s5Ui
66,C__ewt6yYnM
67,DCWy3obvjTh
68,C-8gh6RP8Mc
69,C4jsshxLtT4
70,DAGuR9FJkJr
71,DCQcWwzu93h
72,C4d1bHvvMx_
73,C375jxKO3HP
74,C8W-DrQAy5D
75,C6wMnnjxu5C
76,C7orzYNNEld
77,C-YbFlAS_Qo
78,DBRyRfaRNVn
79,C6q1DRvOxec
80,C_yNCVNpQwE
81,C50yXdfrqN9
82,C9u8T2oOucZ
83,C-DXZgbOkpL
84,C-sMKNjuCDh
85,C69FLl1A2qw
86,C3JZ0wivIqb
87,C5j1PoKgShq
88,C13K-t2oUAQ
89,C-V6tW3u8fR
90,C-ENTmNu4LL
91,C6pdQHzNQwR
92,C_eCw0PpUD2
93,C2swdVjPcEr
94,Cz7GuxfJQM4
95,C6RP6yEuaPt
96,DAi67vQOFfe
97,C-fvNDcuuQg
98,C5Wuhonue44
99,C3Fs12rr5TK
100,C9QCJMPvmkJ
101,C-Nbj5Ss_kr
102,C5Ootbmg-Yf
103,C40gN78O1TP
104,C4n3p9buShE
105,C1A_MgLuXIq
106,C-5_QPIyNVK
107,C_OPxz_pxZG
108,C3ThOB1P50v
109,C4ZSIArMZ7A
110,DBZ61A-s5Ui
111,C__ewt6yYnM
112,DCQcWwzu93h
113,C8W-DrQAy5D
114,C6wMnnjxu5C
115,C6q1DRvOxec
116,C50yXdfrqN9
117,C9u8T2oOucZ
118,C69FLl1A2qw
119,C7AxcCdLAAW
120,C3JZ0wivIqb
121,C5j1PoKgShq
122,C9INx75JUhx
123,Cz7GuxfJQM4
124,DAi67vQOFfe
125,DBRD2tLusf-
126,C9k85uYJxmE
127,C5qwZb0u0EH
128,C5rDr0POygX
129,C7M-tpfPXnz
130,C4n3p9buShE
131,C-5_QPIyNVK
132,C0SY6ZKvx4L
133,C0tq0g2M1NP
134,C191dK9LTeH
135,C8N8pRuM4UT
136,DBZ61A-s5Ui
137,DCWy3obvjTh
138,C-8gh6RP8Mc
139,C8W-DrQAy5D
140,DBuYWFRPLCc
141,C5rtVTPuhXQ
142,C3lziHLu2cg
143,C2D7ftGuCjI
144,C9pdPlpOkKR
145,C9oDxNIsaGV
146,C7MHl5lOuTN
147,C3OYaypOK4W
148,C2AelAfusO0
149,C3bhIuKsSFx
150,C5pCrN2MANn
151,C4ir-hWLBhL
152,C1A_MgLuXIq
153,C-cubbruXeH
154,C0tq0g2M1NP
155,C3NU9h1scIT
156,C191dK9LTeH
157,C4jsshxLtT4
158,DAGuR9FJkJr
159,DCQcWwzu93h
160,C4d1bHvvMx_
161,C0tq0g2M1NP
162,C191dK9LTeH
163,C5hQEN0ukjw
164,C3Blevwuey0
165,C5jgnkvuJ2Q
166,C3RCWt5Ol8A
167,C0SJ2okxsRd
168,C517N2crijX
169,C5yb9mTsBUI
170,C3NTFcRrinp
171,C5hSfoPJhqi
172,C5rB3l5POUA
173,C9LGOjnyTnx
174,C5hQEN0ukjw
175,C3Blevwuey0
176,C5jgnkvuJ2Q
177,C3RCWt5Ol8A
178,C0SJ2okxsRd
179,C517N2crijX
180,C3NTFcRrinp
181,C0SJ2okxsRd
182,C5hSfoPJhqi
183,C9-Apt8JH7f
184,C9-Apt8JH7f
185,C9-Apt8JH7f
186,C9-Apt8JH7f
187,C9-Apt8JH7f
188,C9-Apt8JH7f
189,C65KuSLsHLH
190,C65KuSLsHLH
191,C7g5McJg9zf
192,C7O3lAuuKU6
193,DBOy2gXPWhk
194,C-Toc02RZ7Z
195,C-RHIV_gshH
196,C5V5rSFL72n
197,C-LI26lvdIl
198,C-IRz2Jxh5-
199,C17ODwTMq1c
200,C013KVDOSrL
201,C0RoGqUMbQi
202,C-THAnoyico
203,C3F6eJUMTmT
204,C2-8LJHPO9-
205,C-EDT4CS7Ai
206,C9Vs2BpvGl9
207,C9LoDHQPWt_
208,C97rNAxORw8
209,C3Qqr9OSbLJ
210,C9ugVHiuE7H
211,C17RXJNOJdr
212,C-n6rWzyQzZ
213,C0PkbK_vHmO
214,C-VIgozxD5N
215,C2sZ8cTpzQ-
216,C-WAF86ygZF
217,C_Om9hkOLKq
218,C-vk3Z0uQv_
219,C_JOkMqSvrm
220,C3blRYlg7cY
221,C9umSZnOhje
222,C9LqP_Qs-Wn
223,C9cndzQMDO-
224,C_gC5QvvaXR
225,C-vV1mnP6f6
226,C__xV9Gyls3
227,C6XOX88RryN
228,C6cgf4hxQSJ
229,C2--VsQgp6-
230,C__pzQhpr1M
231,C-3imc3JxGA
232,C-Tkr4oJApf
233,C3NftnLA4dS
234,C-9IvCONxeT
235,C-8J5i_vfAa
236,C_3AyLsAfFS
237,C-v-eaeAseo
238,C_DyMjbP7zA
239,C-3kELxSbx9
240,C_iohqoPRuP
241,Cz98vlUM7PN
242,C7HbfzpuQW-
243,C6-EfczujCO
244,C3SblBGMawx
245,C6tnbX9L1fl
246,C5WVuacP2Hs
247,C2Ir_P-OOYf
248,C5dvPsPuj-u
249,C9Td6h1OkiZ
250,C7E7GCjJody
251,C5RJLagLDOB
252,C6b6RpUSS4d
253,C-y6e8tpeOr
254,C3bhWZrJis4
255,C90EwmjJkAM
256,C_3gPfOxk_y
257,C7g5McJg9zf
258,C7O3lAuuKU6
259,DBOy2gXPWhk
260,C-RHIV_gshH
261,C5V5rSFL72n
262,C3F6eJUMTmT
263,C2-8LJHPO9-
264,C9Vs2BpvGl9
265,C9LoDHQPWt_
266,C97rNAxORw8
267,C3Qqr9OSbLJ
268,C-n6rWzyQzZ
269,C0PkbK_vHmO
270,C-VIgozxD5N
271,C-WAF86ygZF
272,C_Om9hkOLKq
273,C-vk3Z0uQv_
274,C3blRYlg7cY
275,C9umSZnOhje
276,C9LqP_Qs-Wn
277,C9cndzQMDO-
278,C_gC5QvvaXR
279,C-vV1mnP6f6
280,C__xV9Gyls3
281,C__pzQhpr1M
282,C-3imc3JxGA
283,C-Tkr4oJApf
284,C3NftnLA4dS
285,C_3AyLsAfFS
286,C-v-eaeAseo
287,C_DyMjbP7zA
288,C-3kELxSbx9
289,C_iohqoPRuP
290,Cz98vlUM7PN
291,C7HbfzpuQW-
292,C6-EfczujCO
293,C2Ir_P-OOYf
294,C5dvPsPuj-u
295,C9Td6h1OkiZ
296,C7E7GCjJody
297,C3bhWZrJis4
298,C_3gPfOxk_y
299,C7g5McJg9zf
300,C7O3lAuuKU6
301,DBOy2gXPWhk
302,C-Toc02RZ7Z
303,C-RHIV_gshH
304,C5V5rSFL72n
305,C-LI26lvdIl
306,C-IRz2Jxh5-
307,C17ODwTMq1c
308,C013KVDOSrL
309,C0RoGqUMbQi
310,C-THAnoyico
311,C-EDT4CS7Ai
312,C17RXJNOJdr
313,C-n6rWzyQzZ
314,C0PkbK_vHmO
315,C_JOkMqSvrm
316,C5WVuacP2Hs
317,C7E7GCjJody
318,C-y6e8tpeOr
319,C3F6eJUMTmT
320,C2-8LJHPO9-
321,C3Qqr9OSbLJ
322,C3blRYlg7cY
323,C6XOX88RryN
324,C6cgf4hxQSJ
325,C3NftnLA4dS
326,C3SblBGMawx
327,C6b6RpUSS4d
328,C9-Apt8JH7f
329,C9-Apt8JH7f
330,C9-Apt8JH7f
331,C9-Apt8JH7f
332,C9-Apt8JH7f
333,C9-Apt8JH7f
334,C9ygmmVoAfO
335,C9ygmmVoAfO
336,C9ygmmVoAfO
337,C9ygmmVoAfO
338,C-pqxaqOm-w
339,C-pqxaqOm-w
340,C65KuSLsHLH
341,C65KuSLsHLH
342,C9DxcNBOvEN
343,C6rxtEdx_Vg
344,C6wuhA4vqC4
345,C-dg2POyvPv
346,C2cuIoCReQM
347,C19zq-Bx1AB
348,DBjp6oSP6yQ
349,C2k-TsLRzzG
350,C14xrwSLLbh
351,C7E9xNpubJs
352,DCSE67jAles
353,C7E5mMdOTnM
354,DBRyP_qOzcK
355,C6uxFzArosP
356,C-LgA6gS14l
357,C87zZpiS232
358,C6sB_TjsIgK
359,C9u0JbnPtTl
360,C7kFXYMvY4C
361,C8xYDlTyoLl
362,DCVK1-ES41K
363,C1-VJFOPedn
364,C1XvMsYPjIF
365,C6pA4Cepic8
366,DBhJ45wNr1r
367,DBRaZMjyWx_
368,C2L1PcYrdjW
369,C1Kd7zlRSXh
370,C662tvXuuWH
371,C6w9yHNOwEa
372,C2A9zoMP_Uy
373,C2a-zeGMagH
374,C93l-StP826
375,C-I3OWdSv5q
376,C6xb9OxL3K2
377,C4Q2MLaPuyO
378,C9SheoqMXc5
379,C-8IXdRvK0S
380,C-TCddTyYQ2
381,C_JFvg5SKxJ
382,C-dVesRynk8
383,C687-D5OtXf
384,C61N2jtOAy8
385,C3vZXrdPYlX
386,C7jwDHbJbTk
387,C7ubuJJS8Id
388,C7UVpgGprqr
389,DAlSAqUOXXj
390,C53oPisRA7v
391,DAWRN8CJdir
392,DAHMQrUJtJn
393,C9nOAW7JrHu
394,C6tzop_JXBE
395,C3imYV3vKKS
396,C_YaPBlOHaf
397,C-Vt9s8uwNN
398,DCSBtpby5V_
399,DBR-tY8yGVJ
400,C7Rv6NquyoR
401,C_LobwOOonC
402,C18WtNnxL4k
403,C79fGbFO5eY
404,C0PdABPv64r
405,C9kga3tOm3k
406,DBpm5KIoGiG
407,C12NWLVxWOJ
408,C669hlRxgTQ
409,C6wnJvyRGdQ
410,C_luKhJvW8i
411,C-IjfBpRcFo
412,C2La3UjvZ4u
413,C2iFd80vzdv
414,C8Fh47EPuSm
415,C1APqVSJ_7p
416,C8FJXY7xELL
417,C3YFmUcMvW4
418,C0mgUu3ugah
419,C2z29pLMIcD
420,C3pzW3TsmvN
421,C4vRfrLsxhA
422,DB7T_Y2AF4X
423,C9kgqSaP9bA
424,C2fIdPWLJqy
425,C0J1e0OMM7J
426,C8ptX6vSjxD
427,C5OSeeOscCt
428,C2fSOj0ssBC
429,C-BBFvfyQ8s
430,C8INr-lPv2-
431,DAbFMumObCv
432,C9t-6AexFjh
433,DBZ74y1OdGW
434,DBKb9d1OPtI
435,C_OZ-zayDHG
436,C7msdX4Pnqw
437,C9lWPVKuz-F
438,C-8NcA9OBzd
439,C9nB26OuoUL
440,C7jvykEuMjz
441,C20Yf2xxc7v
442,C6uMM4hOVdw
443,C3-e6QgtAun
444,C3ISNi-MwmY
445,C5EN-hWLUmw
446,C2aUCVtL22X
447,C9UwEfGO6DA
448,C90D8cPvFyx
449,C-8HR2RPmUl
450,C88Iv-pOgW1
451,C8vUwWxRYje
452,C8ox3j7uxNl
453,C87sZp5PZ7b
454,C2z8bh4uzNR
455,Cz8bipmghft
456,Cz8bipmghft
457,Cz8bipmghft
458,Cz8bipmghft
459,C-koFEkuCmV
460,C6_bCZnL30X
461,C7BC1aagflN
462,C6kpwFcLpCG
463,DARj507OHuk
464,C22zJ2dvtuY
465,C8E2yasR9Y9
466,C1SNg7MxayD
467,C1TuZaMAkrd
468,C6p5oAOLkSM
469,C6uANqdxpq0
470,C6aXid9rMb_
471,C8yPU6EMfSg
472,C9DxcNBOvEN
473,C6rxtEdx_Vg
474,C6wuhA4vqC4
475,C2cuIoCReQM
476,C19zq-Bx1AB
477,DBjp6oSP6yQ
478,C2k-TsLRzzG
479,C14xrwSLLbh
480,C7E9xNpubJs
481,C7E5mMdOTnM
482,C6uxFzArosP
483,C6sB_TjsIgK
484,C9u0JbnPtTl
485,C8xYDlTyoLl
486,C1-VJFOPedn
487,C1XvMsYPjIF
488,C6pA4Cepic8
489,C2L1PcYrdjW
490,C1Kd7zlRSXh
491,C662tvXuuWH
492,C6w9yHNOwEa
493,C2A9zoMP_Uy
494,C2a-zeGMagH
495,C93l-StP826
496,C-I3OWdSv5q
497,C6xb9OxL3K2
498,C687-D5OtXf
499,C61N2jtOAy8
500,DAlSAqUOXXj
501,DAWRN8CJdir
502,DAHMQrUJtJn
503,C9nOAW7JrHu
504,C6tzop_JXBE
505,C_YaPBlOHaf
506,C-Vt9s8uwNN
507,C18WtNnxL4k
508,C79fGbFO5eY
509,C0PdABPv64r
510,DBpm5KIoGiG
511,C669hlRxgTQ
512,C6wnJvyRGdQ
513,C_luKhJvW8i
514,C-IjfBpRcFo
515,C2La3UjvZ4u
516,C2iFd80vzdv
517,C1APqVSJ_7p
518,C8FJXY7xELL
519,C9kgqSaP9bA
520,C8ptX6vSjxD
521,C-BBFvfyQ8s
522,DAbFMumObCv
523,C9t-6AexFjh
524,DBZ74y1OdGW
525,DBKb9d1OPtI
526,C_OZ-zayDHG
527,C9lWPVKuz-F
528,C6uMM4hOVdw
529,C90D8cPvFyx
530,C-8HR2RPmUl
531,C88Iv-pOgW1
532,C8vUwWxRYje
533,C8ox3j7uxNl
534,C87sZp5PZ7b
535,C7BC1aagflN
536,C6kpwFcLpCG
537,DARj507OHuk
538,C22zJ2dvtuY
539,C1SNg7MxayD
540,C1TuZaMAkrd
541,C9DxcNBOvEN
542,C6rxtEdx_Vg
543,C6wuhA4vqC4
544,C-dg2POyvPv
545,C2cuIoCReQM
546,C19zq-Bx1AB
547,DBjp6oSP6yQ
548,C2k-TsLRzzG
549,C14xrwSLLbh
550,C7E9xNpubJs
551,DCSE67jAles
552,C7E5mMdOTnM
553,DBRyP_qOzcK
554,C6uxFzArosP
555,C-LgA6gS14l
556,C87zZpiS232
557,C6sB_TjsIgK
558,C9u0JbnPtTl
559,C8xYDlTyoLl
560,DCVK1-ES41K
561,C1-VJFOPedn
562,C1XvMsYPjIF
563,C6pA4Cepic8
564,DBhJ45wNr1r
565,DBRaZMjyWx_
566,C2L1PcYrdjW
567,C1Kd7zlRSXh
568,C662tvXuuWH
569,C6w9yHNOwEa
570,C2A9zoMP_Uy
571,C2a-zeGMagH
572,C93l-StP826
573,C-I3OWdSv5q
574,C6xb9OxL3K2
575,C4Q2MLaPuyO
576,C9SheoqMXc5
577,C-8IXdRvK0S
578,C-TCddTyYQ2
579,C_JFvg5SKxJ
580,C-dVesRynk8
581,C687-D5OtXf
582,C61N2jtOAy8
583,C3vZXrdPYlX
584,DAlSAqUOXXj
585,C53oPisRA7v
586,DAWRN8CJdir
587,C3imYV3vKKS
588,C_YaPBlOHaf
589,C-Vt9s8uwNN
590,DCSBtpby5V_
591,DBR-tY8yGVJ
592,C_LobwOOonC
593,C18WtNnxL4k
594,C79fGbFO5eY
595,C0PdABPv64r
596,C9kga3tOm3k
597,DBpm5KIoGiG
598,C12NWLVxWOJ
599,C669hlRxgTQ
600,C6wnJvyRGdQ
601,C_luKhJvW8i
602,C-IjfBpRcFo
603,C2La3UjvZ4u
604,C2iFd80vzdv
605,C8Fh47EPuSm
606,C1APqVSJ_7p
607,C8FJXY7xELL
608,DB7T_Y2AF4X
609,C9kgqSaP9bA
610,C8ptX6vSjxD
611,C5OSeeOscCt
612,C2fSOj0ssBC
613,C-BBFvfyQ8s
614,C8INr-lPv2-
615,DAbFMumObCv
616,C9t-6AexFjh
617,DBZ74y1OdGW
618,DBKb9d1OPtI
619,C_OZ-zayDHG
620,C9lWPVKuz-F
621,C-8NcA9OBzd
622,C9nB26OuoUL
623,C7jvykEuMjz
624,C6uMM4hOVdw
625,C3-e6QgtAun
626,C3ISNi-MwmY
627,C9UwEfGO6DA
628,C-8HR2RPmUl
629,C88Iv-pOgW1
630,C8vUwWxRYje
631,C8ox3j7uxNl
632,C87sZp5PZ7b
633,DARj507OHuk
634,C8E2yasR9Y9
635,C7kFXYMvY4C
636,DAHMQrUJtJn
637,C9nOAW7JrHu
638,C6tzop_JXBE
639,C3YFmUcMvW4
640,C0mgUu3ugah
641,C2z29pLMIcD
642,C0J1e0OMM7J
643,C20Yf2xxc7v
644,C9UwEfGO6DA
645,C90D8cPvFyx
646,C2z8bh4uzNR
647,C-koFEkuCmV
648,C9UwEfGO6DA
649,C5ScOZMurNa
650,C4j0XpJOZTf
651,DBWJz_xRP2Y
652,DBWJz_xRP2Y
653,DBWJz_xRP2Y
654,DBtzE9WuSrx
655,C5B4Hq6plwu
656,C9S_h87JjN-
657,C4q0gF1pn8A
658,C5CGC03OT5K
659,DA9HBGQyqM3
660,DBhl_UJShgH
661,C-1MqcxtRN4
662,DBhRGUOSDcn
663,C9fE_zQuIJQ
664,DAHBZ0lviC7
665,C9f-biYyiMk
666,C982gNVxBjW
667,C-70YVfueUg
668,C9dIfxWPZgA
669,C96KdR0swGA
670,C98mBygJv7g
671,DAIunnIRLYW
672,C-AVkOPu83I
673,DBT_TjZuVRy
674,DBtzE9WuSrx
675,C5B4Hq6plwu
676,C5CGC03OT5K
677,DA9HBGQyqM3
678,DBhl_UJShgH
679,C-1MqcxtRN4
680,DBhRGUOSDcn
681,C-70YVfueUg
682,DAIunnIRLYW
683,C-AVkOPu83I
684,DBT_TjZuVRy
685,DBtzE9WuSrx
686,C5B4Hq6plwu
687,C9S_h87JjN-
688,C4q0gF1pn8A
689,C5CGC03OT5K
690,DBhl_UJShgH
691,C-1MqcxtRN4
692,DBhRGUOSDcn
693,C9fE_zQuIJQ
694,C9f-biYyiMk
695,C982gNVxBjW
696,C_wHWYvyrZy
697,C4dnb2iRGj_
698,C379j90r-IJ
699,DBRrUMBySnN
700,DBPzDigtYKm
701,C9FjL_nx-fg
702,C8XyNnyv-oF
703,C05cJndon4E
704,C4dnb2iRGj_
705,DBRrUMBySnN
706,DBPzDigtYKm
707,C_wHWYvyrZy
708,C4dnb2iRGj_
709,C379j90r-IJ
710,DBRrUMBySnN
711,DBPzDigtYKm
712,C05cJndon4E
713,C9-Apt8JH7f
714,C9-Apt8JH7f
715,C9-Apt8JH7f
716,C9-Apt8JH7f
717,C9-Apt8JH7f
718,C9-Apt8JH7f
719,C9ygmmVoAfO
720,C9ygmmVoAfO
721,C9ygmmVoAfO
722,C9ygmmVoAfO
723,C-pqxaqOm-w
724,C-pqxaqOm-w
725,C7SP9VBOv1U
726,C9U9cauO3R8
727,DBCCSeMS-70
728,C65KuSLsHLH
729,C65KuSLsHLH
730,C7wpAg-OpIc
731,C_34z4juj2N
732,DAlxuF7P_WK
733,DBCH6AsSoZA
734,C8xfcUSyDhv
735,C9NpZJIS3cq
736,C8247EBuf3Q
737,C69Ee2pJnBy
738,C8UVv9uJ3FW
739,C8udESnRVSU
740,C95YSx7hArU
741,C7j23xUR-1B
742,C7g__78RCCw
743,DBUevVLS-e6
744,C8xTBtERygC
745,C7olDiDOpXR
746,DBWjNbBvoud
747,C7PtEmggi5l
748,C7jpJS1sdL3
749,DB1gbXivPyS
750,C8fyvTYgr1L
751,C7juemCM0Fp
752,C5gr8hPRYVp
753,C74uLkWu-Yt
754,C8fLGU5O-W8
755,DAmPXTRvGLk
756,C8xFwihP3V0
757,C5WjxAUv1md
758,C6jklsmvMB4
759,C2lpu_rLcFG
760,C8pP_T9Rtas
761,C8H-R1VpiBF
762,C8nlJQVMcqp
763,DB1rCVTJU-I
764,C7kYDHHMM4Z
765,C7xKWw6S4v1
766,DBeV82CvVW-
767,C717jWBRj4Z
768,C8xIf9ZOSLR
769,C80N9R6u1j-
770,C8zQX9Suaub
771,C8KbMrhuTZ6
772,C7RZXuNsRvY
773,C59xBnCM_af
774,C7M7LjauTyq
775,C59Ry9VvqFn
776,DCCfgDJx_Fo
777,C8DY6Acto0C
778,C_0awDqOUy0
779,C77ZmrkvfDA
780,DBR1DZivO14
781,C7ZGPj5AFhq
782,C8xbXsPhjyU
783,C-EAjnYp9AR
784,C83B1EpMdep
785,C2yS1sdsf3e
786,DAro7dfsqC5
787,DBKYrykxGEV
788,C8w-HlTJSYx
789,C-D4Wz-Sx8e
790,C8dStCev-UU
791,C8U1yPWv21j
792,C7UMllyRVAQ
793,C7Un4XwJMN6
794,C6aAfTrRNNy
795,C8udH1LPvhn
796,C8xNz_auwbY
797,C6zAvZngvwg
798,C8w4lHKAYxC
799,C-nw4gyyYc_
800,C8prl3Py58P
801,C5yvfemPpXU
802,C9uh6rQgLvI
803,C813nutxaEr
804,C6w4BnRx79C
805,C9-u8iASBN1
806,C77EXWQR2N-
807,C-X4rNDMWji
808,C6rEMyMMGhC
809,C7pIiNyuBoE
810,C_f353aOIfz
811,C_1ZZFdS2BR
812,C8PSosPtwoY
813,C22PvAPOMiJ
814,C7SaJYMvtDP
815,C7kbcy-smRp
816,C6Jg_loubJf
817,C8qPsZfRr45
818,C6om6gFA3QA
819,DA6oTXQSCRn
820,C8uUSrWpzqv
821,C3TTHtouoR4
822,DBRE-_vpwxh
823,C7146vMO2XJ
824,C_sZ6jMO4qj
825,C_yZ_AJJ8xX
826,C3bBGTAuHCN
827,C5g-9THrKnN
828,DA4eyonJhiZ
829,C_1d7I7ubKP
830,C6w1kPUr1FF
831,C6tuT7IptOY
832,C7wtMAOMsLv
833,C8XZPJSy2pU
834,C8rgy4rgyly
835,C-vJ_tlOYRR
836,C6hDjz_g82H
837,C43eNA_gfMM
838,C5lyREIApvm
839,C2nJarErz2e
840,C83MZOaxgyB
841,C8xKQVnPFrj
842,C7w9aDCOQUd
843,C7E44h-OtbZ
844,C6yz7AzLf6Q
845,C6w2XsvO45b
846,C77RkcxR1HL
847,C6XcbdSN06b
848,C-EIa8wS7Hm
849,C_qGjQyJe-o
850,C8n8dAtNFnJ
851,DArbe8JAdzm
852,C7kmStouRTx
853,C8LY5gUxIyE
854,C8njDanOaAF
855,C8vXV0dPIKf
856,C_GafXNJb-a
857,C8KaQQKP4ZX
858,C3Sw-2jO7Iy
859,C-Lo_7ehvvY
860,C7Zx59BRLiM
861,C4tV7RJAcBn
862,C5EvBVIANf7
863,C507vDKLAGD
864,Cz8bipmghft
865,Cz8bipmghft
866,Cz8bipmghft
867,Cz8bipmghft
868,C8dLDlUtkzp
869,C-sk0rlx3-A
870,C8up0J_pIMt
871,C7jdEbWsIu5
872,C48RMElLZ1Y
873,C8NKsmkPHkG
874,C7rQfZMu-3W
875,C_GkycepEQq
876,C_HT_vQN5Z1
877,DBjNPcUpauS
878,DB6hufnJ8fq
879,C8Fg-OnPHPJ
880,C761XVSu5iS
881,C6op28WOxBJ
882,C7me4dkO__7
883,C4O44bsPYy3
884,C7mMR5AOzuy
885,C_tKTotSQhM
886,C-8jjrLSwpH
887,C5G83r-uEyy
888,C85gvKvyYuO
889,C6y2BoCL_F-
890,C6yvoNBuotL
891,C3gSdARPf4W
892,C1YC1dwMauN
893,C8X_E4dp9G4
894,C74k0dnSmtP
895,C2hps6UgHby
896,C93WEtHAYuF
897,C3LJ9nsghW9
898,C2dRQ0cAKWn
899,C75M0emPXtA
900,C-qWekER-UE
901,C-8ZINFJTN0
902,C8H38rlgVtM
903,C6mc88dARFi
904,C_txe9fshvU
905,C-EXfNpsxq6
906,C8S7D46van0
907,C1DjcVbMhRR
908,C-L7Ys8S255
909,C7LNJ7-rvmr
910,C1kxjnBLbZI
911,C2-naD3vRx6
912,C8hO4jkOQgl
913,C8pDqmSOnDJ
914,C7oyxBVgHIp
915,C7SP9VBOv1U
916,C9U9cauO3R8
917,DBCCSeMS-70
918,C7wpAg-OpIc
919,C_34z4juj2N
920,DAlxuF7P_WK
921,DBCH6AsSoZA
922,C8xfcUSyDhv
923,C8247EBuf3Q
924,C69Ee2pJnBy
925,C8UVv9uJ3FW
926,C8udESnRVSU
927,C95YSx7hArU
928,C7j23xUR-1B
929,C7g__78RCCw
930,DBUevVLS-e6
931,C8xTBtERygC
932,C7olDiDOpXR
933,DBWjNbBvoud
934,C7PtEmggi5l
935,C7jpJS1sdL3
936,DB1gbXivPyS
937,C8fyvTYgr1L
938,C7juemCM0Fp
939,C5gr8hPRYVp
940,C74uLkWu-Yt
941,C8fLGU5O-W8
942,DAmPXTRvGLk
943,C8xFwihP3V0
944,C5WjxAUv1md
945,C6jklsmvMB4
946,C2lpu_rLcFG
947,C8pP_T9Rtas
948,C8H-R1VpiBF
949,C8nlJQVMcqp
950,DB1rCVTJU-I
951,C7kYDHHMM4Z
952,C7xKWw6S4v1
953,DBeV82CvVW-
954,C717jWBRj4Z
955,C8xIf9ZOSLR
956,C80N9R6u1j-
957,C8zQX9Suaub
958,C8KbMrhuTZ6
959,C7M7LjauTyq
960,C59Ry9VvqFn
961,C8DY6Acto0C
962,C_0awDqOUy0
963,C77ZmrkvfDA
964,DBR1DZivO14
965,C7ZGPj5AFhq
966,C8xbXsPhjyU
967,C-EAjnYp9AR
968,C83B1EpMdep
969,DAro7dfsqC5
970,DBKYrykxGEV
971,C8w-HlTJSYx
972,C8dStCev-UU
973,C8U1yPWv21j
974,C7UMllyRVAQ
975,C7Un4XwJMN6
976,C6aAfTrRNNy
977,C8udH1LPvhn
978,C8xNz_auwbY
979,C6zAvZngvwg
980,C8w4lHKAYxC
981,C-nw4gyyYc_
982,C8prl3Py58P
983,C5yvfemPpXU
984,C813nutxaEr
985,C6w4BnRx79C
986,C77EXWQR2N-
987,C-X4rNDMWji
988,C6rEMyMMGhC
989,C7pIiNyuBoE
990,C_1ZZFdS2BR
991,C8PSosPtwoY
992,C22PvAPOMiJ
993,C7SaJYMvtDP
994,C7kbcy-smRp
995,C6Jg_loubJf
996,C8qPsZfRr45
997,DA6oTXQSCRn
998,C8uUSrWpzqv
999,C3TTHtouoR4
1000,DBRE-_vpwxh
1001,C7146vMO2XJ
1002,C_sZ6jMO4qj
1003,C_yZ_AJJ8xX
1004,C3bBGTAuHCN
1005,C5g-9THrKnN
1006,DA4eyonJhiZ
1007,C_1d7I7ubKP
1008,C6tuT7IptOY
1009,C7wtMAOMsLv
1010,C8XZPJSy2pU
1011,C8rgy4rgyly
1012,C-vJ_tlOYRR
1013,C6hDjz_g82H
1014,C43eNA_gfMM
1015,C5lyREIApvm
1016,C2nJarErz2e
1017,C83MZOaxgyB
1018,C8xKQVnPFrj
1019,C7E44h-OtbZ
1020,C6yz7AzLf6Q
1021,C77RkcxR1HL
1022,C-EIa8wS7Hm
1023,C_qGjQyJe-o
1024,C8n8dAtNFnJ
1025,C7kmStouRTx
1026,C8LY5gUxIyE
1027,C8njDanOaAF
1028,C8vXV0dPIKf
1029,C_GafXNJb-a
1030,C8KaQQKP4ZX
1031,C3Sw-2jO7Iy
1032,C-Lo_7ehvvY
1033,C7Zx59BRLiM
1034,C507vDKLAGD
1035,C8dLDlUtkzp
1036,C-sk0rlx3-A
1037,C8up0J_pIMt
1038,C48RMElLZ1Y
1039,C8NKsmkPHkG
1040,C8Fg-OnPHPJ
1041,C761XVSu5iS
1042,C7me4dkO__7
1043,C4O44bsPYy3
1044,C7mMR5AOzuy
1045,C_tKTotSQhM
1046,C-8jjrLSwpH
1047,C85gvKvyYuO
1048,C6y2BoCL_F-
1049,C6yvoNBuotL
1050,C3gSdARPf4W
1051,C1YC1dwMauN
1052,C74k0dnSmtP
1053,C2hps6UgHby
1054,C75M0emPXtA
1055,C-qWekER-UE
1056,C-8ZINFJTN0
1057,C8H38rlgVtM
1058,C_txe9fshvU
1059,C-EXfNpsxq6
1060,C8S7D46van0
1061,C-L7Ys8S255
1062,C7LNJ7-rvmr
1063,C2-naD3vRx6
1064,C8hO4jkOQgl
1065,C8pDqmSOnDJ
1066,C7oyxBVgHIp
1067,C7SP9VBOv1U
1068,C9U9cauO3R8
1069,DBCCSeMS-70
1070,C7wpAg-OpIc
1071,C_34z4juj2N
1072,DAlxuF7P_WK
1073,DBCH6AsSoZA
1074,C8xfcUSyDhv
1075,C9NpZJIS3cq
1076,C8247EBuf3Q
1077,C69Ee2pJnBy
1078,C8UVv9uJ3FW
1079,C8udESnRVSU
1080,C95YSx7hArU
1081,C7j23xUR-1B
1082,DBUevVLS-e6
1083,C8xTBtERygC
1084,C7olDiDOpXR
1085,DBWjNbBvoud
1086,C7jpJS1sdL3
1087,DB1gbXivPyS
1088,C8fyvTYgr1L
1089,C7juemCM0Fp
1090,C74uLkWu-Yt
1091,C8fLGU5O-W8
1092,DAmPXTRvGLk
1093,C8xFwihP3V0
1094,C5WjxAUv1md
1095,C6jklsmvMB4
1096,C8pP_T9Rtas
1097,C8H-R1VpiBF
1098,DB1rCVTJU-I
1099,C7kYDHHMM4Z
1100,C7xKWw6S4v1
1101,DBeV82CvVW-
1102,C717jWBRj4Z
1103,C8xIf9ZOSLR
1104,C80N9R6u1j-
1105,C8zQX9Suaub
1106,C8KbMrhuTZ6
1107,C59xBnCM_af
1108,C7M7LjauTyq
1109,DCCfgDJx_Fo
1110,C8DY6Acto0C
1111,C_0awDqOUy0
1112,C77ZmrkvfDA
1113,DBR1DZivO14
1114,C7ZGPj5AFhq
1115,C8xbXsPhjyU
1116,C-EAjnYp9AR
1117,C83B1EpMdep
1118,C2yS1sdsf3e
1119,DAro7dfsqC5
1120,DBKYrykxGEV
1121,C8w-HlTJSYx
1122,C-D4Wz-Sx8e
1123,C8dStCev-UU
1124,C8U1yPWv21j
1125,C7UMllyRVAQ
1126,C7Un4XwJMN6
1127,C6aAfTrRNNy
1128,C8udH1LPvhn
1129,C8xNz_auwbY
1130,C6zAvZngvwg
1131,C8w4lHKAYxC
1132,C-nw4gyyYc_
1133,C8prl3Py58P
1134,C5yvfemPpXU
1135,C9uh6rQgLvI
1136,C813nutxaEr
1137,C9-u8iASBN1
1138,C77EXWQR2N-
1139,C-X4rNDMWji
1140,C6rEMyMMGhC
1141,C7pIiNyuBoE
1142,C_f353aOIfz
1143,C_1ZZFdS2BR
1144,C8PSosPtwoY
1145,C7SaJYMvtDP
1146,C6Jg_loubJf
1147,C8qPsZfRr45
1148,C6om6gFA3QA
1149,DA6oTXQSCRn
1150,C8uUSrWpzqv
1151,DBRE-_vpwxh
1152,C7146vMO2XJ
1153,C_sZ6jMO4qj
1154,C_yZ_AJJ8xX
1155,DA4eyonJhiZ
1156,C_1d7I7ubKP
1157,C6w1kPUr1FF
1158,C6tuT7IptOY
1159,C7wtMAOMsLv
1160,C8XZPJSy2pU
1161,C8rgy4rgyly
1162,C-vJ_tlOYRR
1163,C6hDjz_g82H
1164,C43eNA_gfMM
1165,C5lyREIApvm
1166,C83MZOaxgyB
1167,C8xKQVnPFrj
1168,C7w9aDCOQUd
1169,C6yz7AzLf6Q
1170,C6w2XsvO45b
1171,C77RkcxR1HL
1172,C-EIa8wS7Hm
1173,C_qGjQyJe-o
1174,C8n8dAtNFnJ
1175,DArbe8JAdzm
1176,C7kmStouRTx
1177,C8LY5gUxIyE
1178,C8njDanOaAF
1179,C8vXV0dPIKf
1180,C8KaQQKP4ZX
1181,C7Zx59BRLiM
1182,C4tV7RJAcBn
1183,C5EvBVIANf7
1184,C8dLDlUtkzp
1185,C7jdEbWsIu5
1186,C48RMElLZ1Y
1187,C8NKsmkPHkG
1188,C8Fg-OnPHPJ
1189,C761XVSu5iS
1190,C6op28WOxBJ
1191,C8X_E4dp9G4
1192,C74k0dnSmtP
1193,C2hps6UgHby
1194,C93WEtHAYuF
1195,C2dRQ0cAKWn
1196,C75M0emPXtA
1197,C-qWekER-UE
1198,C-8ZINFJTN0
1199,C8H38rlgVtM
1200,C6mc88dARFi
1201,C_txe9fshvU
1202,C-EXfNpsxq6
1203,C1DjcVbMhRR
1204,C8hO4jkOQgl
1205,C8pDqmSOnDJ
1206,C7oyxBVgHIp
1207,C7PtEmggi5l
1208,C6XcbdSN06b
1209,C8KaQQKP4ZX
1210,C8KaQQKP4ZX
1211,DA_fPSDP2oW
1212,DBghIWMxwk3
1213,C-n068VSpzb
1214,C-2_jPcpIiF
1215,C_wGKhSyaeC
1216,C_Qsbf6gRso
1217,C-ajqqOsTWb
1218,DARulbQMumm
1219,DCPLAC9PGME
1220,DAZnhjpy2uy
1221,DAqqbKCvxPG
1222,C-TNI3DybX3
1223,C-RAm4us5PJ
1224,DAMUZDXyK5B
1225,DA_fPSDP2oW
1226,DBghIWMxwk3
1227,C-n068VSpzb
1228,C-2_jPcpIiF
1229,C_wGKhSyaeC
1230,C_Qsbf6gRso
1231,C-ajqqOsTWb
1232,DARulbQMumm
1233,DCPLAC9PGME
1234,C-TNI3DybX3
1235,C-RAm4us5PJ
1236,DA_fPSDP2oW
1237,DBghIWMxwk3
1238,C-n068VSpzb
1239,C-2_jPcpIiF
1240,C_wGKhSyaeC
1241,C_Qsbf6gRso
1242,C-ajqqOsTWb
1243,DARulbQMumm
1244,DCPLAC9PGME
1245,DAqqbKCvxPG
1246,C-TNI3DybX3
1247,C-RAm4us5PJ
1248,DAMUZDXyK5B
1249,DBZcfWGSbJo
1250,C7zzSp4vDK2
1251,DBMMf7pvcbR
1252,DBaWN8rp6tg
1253,C8z8C6HuHxB
1254,DBbszl6RGAG
1255,C8NzOTEvIz0
1256,DBZadHsPgLS
1257,DBZyJxJSi7B
1258,C82l51EP5p-
1259,C8LTlFYvKt2
1260,C77ghArhJCK
1261,DBQ5OM6uEQ1
1262,C84eYppJ9BL
1263,DBZcfWGSbJo
1264,C7zzSp4vDK2
1265,DBMMf7pvcbR
1266,DBaWN8rp6tg
1267,C8z8C6HuHxB
1268,DBbszl6RGAG
1269,C8NzOTEvIz0
1270,DBZadHsPgLS
1271,DBZyJxJSi7B
1272,C82l51EP5p-
1273,C8LTlFYvKt2
1274,C77ghArhJCK
1275,DBQ5OM6uEQ1
1276,C84eYppJ9BL
1277,DBZcfWGSbJo
1278,C7zzSp4vDK2
1279,DBMMf7pvcbR
1280,DBaWN8rp6tg
1281,C8z8C6HuHxB
1282,DBbszl6RGAG
1283,C8NzOTEvIz0
1284,DBZadHsPgLS
1285,DBZyJxJSi7B
1286,C82l51EP5p-
1287,C8LTlFYvKt2
1288,C77ghArhJCK
1289,DBQ5OM6uEQ1
1290,C84eYppJ9BL
