path,video_duration,num_scenes
results/mymilliemoon/DBPzDigtYKm_2024-10-18_01-20-00_UTC.mp4,17.5,6.0
results/mymilliemoon/C4dnb2iRGj__2024-03-13_17-27-32_UTC.mp4,34.32,11.0
results/mymilliemoon/C8XyNnyv-oF_2024-06-18_21-14-49_UTC.mp4,82.53,36.0
results/mymilliemoon/C_wHWYvyrZy_2024-09-10_21-31-25_UTC_1.mp4,32.39,15.0
results/mymilliemoon/C379j90r-IJ_2024-02-29_15-53-11_UTC.mp4,73.56,30.0
results/mymilliemoon/DBRrUMBySnN_2024-10-18_18-53-26_UTC.mp4,34.62,3.0
results/mymilliemoon/C9FjL_nx-fg_2024-07-06_15-45-34_UTC.mp4,67.06,18.0
results/honest/C_gC5QvvaXR_2024-09-04_15-58-14_UTC_1.mp4,38.03,
results/honest/C6tnbX9L1fl_2024-05-08_15-37-02_UTC_1.mp4,36.29,22.0
results/honest/C_3AyLsAfFS_2024-09-13_13-55-19_UTC.mp4,24.12,
results/honest/C_3gPfOxk_y_2024-09-13_18-23-16_UTC_2_1.mp4,2.76,
results/honest/C97rNAxORw8_2024-07-27_16-19-02_UTC_1.mp4,26.56,18.0
results/honest/C6-EfczujCO_2024-05-15_00-59-41_UTC_1.mp4,42.47,0.0
results/honest/C-y6e8tpeOr_2024-08-18_03-08-10_UTC.mp4,299.86,70.0
results/honest/C9cndzQMDO-_2024-07-15_14-45-52_UTC_1.mp4,21.57,10.0
results/honest/C2-8LJHPO9-_2024-02-05_23-11-48_UTC.mp4,58.88,41.0
results/honest/C_iohqoPRuP_2024-09-05_15-52-48_UTC_1.mp4,43.26,
results/honest/C2sZ8cTpzQ-_2024-01-29_18-20-07_UTC_1.mp4,29.0,3.0
results/honest/C9-Apt8JH7f_2024-07-28_13-59-07_UTC_5_1.mp4,1.6,0.0
results/honest/C7E7GCjJody_2024-05-17_16-51-33_UTC_1.mp4,25.66,21.0
results/honest/C-v-eaeAseo_2024-08-16_23-43-02_UTC.mp4,18.13,10.0
results/honest/C3F6eJUMTmT_2024-02-08_16-01-16_UTC_1.mp4,48.71,49.0
results/honest/C__xV9Gyls3_2024-09-16_23-30-36_UTC.mp4,36.53,
results/honest/C-3kELxSbx9_2024-08-19_22-26-52_UTC.mp4,38.36,26.0
results/honest/C5dvPsPuj-u_2024-04-07_15-08-38_UTC.mp4,11.54,14.0
results/honest/C-Tkr4oJApf_2024-08-05_22-59-51_UTC.mp4,36.57,19.0
results/honest/C__pzQhpr1M_2024-09-16_22-23-00_UTC_1.mp4,37.43,
results/honest/C7HbfzpuQW-_2024-05-18_16-13-18_UTC_1.mp4,34.32,5.0
results/honest/C9Vs2BpvGl9_2024-07-12_22-16-49_UTC.mp4,42.0,30.0
results/honest/C9ugVHiuE7H_2024-07-22_13-28-43_UTC.mp4,12.72,17.0
results/honest/C3blRYlg7cY_2024-02-17_01-59-31_UTC_1.mp4,38.54,31.0
results/honest/C-vk3Z0uQv__2024-08-16_19-59-35_UTC_1.mp4,32.2,24.0
results/honest/C5RJLagLDOB_2024-04-02_17-53-47_UTC_1.mp4,20.08,4.0
results/honest/Cz98vlUM7PN_2023-11-23_00-13-19_UTC.mp4,13.19,9.0
results/honest/C-n6rWzyQzZ_2024-08-13_20-37-36_UTC.mp4,36.43,22.0
results/honest/C9umSZnOhje_2024-07-22_14-20-39_UTC.mp4,22.59,2.0
results/honest/C2--VsQgp6-_2024-02-05_23-18-51_UTC_1.mp4,31.53,20.0
results/honest/C2Ir_P-OOYf_2024-01-15_21-19-15_UTC_1.mp4,8.75,10.0
results/honest/C3NftnLA4dS_2024-02-11_14-41-07_UTC.mp4,45.32,36.0
results/honest/C_DyMjbP7zA_2024-08-24_16-20-46_UTC_1.mp4,27.23,
results/honest/C-WAF86ygZF_2024-08-06_21-38-49_UTC.mp4,31.39,40.0
results/honest/C3Qqr9OSbLJ_2024-02-12_20-19-14_UTC_1.mp4,29.9,14.0
results/honest/DBOy2gXPWhk_2024-10-17_16-03-04_UTC_1.mp4,30.09,21.0
results/honest/C-VIgozxD5N_2024-08-06_13-34-28_UTC.mp4,30.48,25.0
results/honest/C_Om9hkOLKq_2024-08-28_21-14-30_UTC.mp4,35.34,
results/honest/C7g5McJg9zf_2024-05-28_13-34-39_UTC.mp4,41.98,44.0
results/honest/C7O3lAuuKU6_2024-05-21_13-34-33_UTC_1.mp4,46.48,57.0
results/honest/C9LoDHQPWt__2024-07-09_00-26-28_UTC_1.mp4,30.39,15.0
results/honest/C9LqP_Qs-Wn_2024-07-09_00-41-45_UTC.mp4,36.38,21.0
results/honest/C5V5rSFL72n_2024-04-04_14-05-01_UTC_1.mp4,74.42,29.0
results/honest/C-9IvCONxeT_2024-08-22_02-29-02_UTC_1.mp4,32.18,25.0
results/honest/C-vV1mnP6f6_2024-08-16_17-48-10_UTC_1.mp4,29.03,12.0
results/honest/C-3imc3JxGA_2024-08-19_22-13-07_UTC.mp4,43.58,28.0
results/rascalsbaby/DCPLAC9PGME_2024-11-11_16-02-46_UTC.mp4,27.35,0.0
results/rascalsbaby/C_Qsbf6gRso_2024-08-29_16-39-45_UTC.mp4,32.78,
results/rascalsbaby/DBghIWMxwk3_2024-10-24_13-12-05_UTC_1.mp4,27.79,9.0
results/rascalsbaby/C-RAm4us5PJ_2024-08-04_23-07-09_UTC_1.mp4,32.55,35.0
results/rascalsbaby/C-n068VSpzb_2024-08-13_19-45-28_UTC.mp4,39.47,9.0
results/rascalsbaby/C_wGKhSyaeC_2024-09-10_21-24-38_UTC_1.mp4,30.42,
results/rascalsbaby/C-ajqqOsTWb_2024-08-08_16-09-12_UTC.mp4,17.97,11.0
results/rascalsbaby/DARulbQMumm_2024-09-23_22-50-33_UTC.mp4,44.67,8.0
results/rascalsbaby/C-2_jPcpIiF_2024-08-19_17-09-21_UTC.mp4,17.48,7.0
results/rascalsbaby/C-TNI3DybX3_2024-08-05_19-34-50_UTC_1.mp4,26.05,7.0
results/huggies/C9ygmmVoAfO_2024-07-24_02-47-31_UTC.mp4,36.45,0.0
results/huggies/C2aUCVtL22X_2024-01-22_17-36-22_UTC.mp4,26.96,17.0
results/huggies/C9kga3tOm3k_2024-07-18_16-18-50_UTC_1.mp4,20.9,23.0
results/huggies/C_luKhJvW8i_2024-09-06_20-41-49_UTC_1.mp4,41.17,
results/huggies/C1Kd7zlRSXh_2023-12-22_17-25-01_UTC_1.mp4,70.73,4.0
results/huggies/C6w9yHNOwEa_2024-05-09_22-51-18_UTC.mp4,40.03,24.0
results/huggies/C2k-TsLRzzG_2024-01-26_20-59-28_UTC.mp4,43.07,10.0
results/huggies/C9t-6AexFjh_2024-07-22_08-40-26_UTC.mp4,29.46,15.0
results/huggies/C14xrwSLLbh_2024-01-09_17-02-13_UTC.mp4,49.39,14.0
results/huggies/C662tvXuuWH_2024-05-13_19-01-11_UTC_1.mp4,33.39,15.0
results/huggies/C8ptX6vSjxD_2024-06-25_20-15-41_UTC_1.mp4,44.35,28.0
results/huggies/C8INr-lPv2-_2024-06-12_20-04-31_UTC.mp4,45.97,10.0
results/huggies/C6tzop_JXBE_2024-05-08_17-24-38_UTC_1.mp4,49.92,12.0
results/huggies/C1APqVSJ_7p_2023-12-18_18-10-10_UTC.mp4,73.93,64.0
results/huggies/C8xYDlTyoLl_2024-06-28_19-42-52_UTC.mp4,33.3,27.0
results/huggies/C2a-zeGMagH_2024-01-22_23-52-15_UTC_1.mp4,33.9,23.0
results/huggies/C-dVesRynk8_2024-08-09_17-58-23_UTC_1.mp4,8.4,2.0
results/huggies/C-I3OWdSv5q_2024-08-01_19-12-46_UTC.mp4,36.13,26.0
results/huggies/C7E9xNpubJs_2024-05-17_17-17-11_UTC_1.mp4,31.34,25.0
results/huggies/C5OSeeOscCt_2024-04-01_15-06-55_UTC_1.mp4,12.09,8.0
results/huggies/C-Vt9s8uwNN_2024-08-06_18-59-50_UTC_1.mp4,28.37,10.0
results/huggies/C7BC1aagflN_2024-05-16_04-41-44_UTC_6_1.mp4,13.03,0.0
results/huggies/C9-Apt8JH7f_2024-07-28_13-59-07_UTC_5_1.mp4,1.6,
results/huggies/C7UVpgGprqr_2024-05-23_16-32-18_UTC_1.mp4,22.27,12.0
results/huggies/C8FJXY7xELL_2024-06-11_15-27-51_UTC.mp4,23.98,3.0
results/huggies/C7BC1aagflN_2024-05-16_04-41-44_UTC_5_1.mp4,30.43,
results/huggies/C-BBFvfyQ8s_2024-07-29_18-02-33_UTC.mp4,34.04,19.0
results/huggies/DBRyP_qOzcK_2024-10-18_19-56-06_UTC.mp4,39.8,28.0
results/huggies/C669hlRxgTQ_2024-05-13_20-03-09_UTC_1.mp4,28.0,17.0
results/huggies/C6uANqdxpq0_2024-05-08_19-27-38_UTC.mp4,15.79,10.0
results/huggies/DBpm5KIoGiG_2024-10-28_01-57-35_UTC_1.mp4,30.04,9.0
results/huggies/C9SheoqMXc5_2024-07-11_16-40-44_UTC_1.mp4,30.95,9.0
results/huggies/C7jwDHbJbTk_2024-05-29_16-11-18_UTC_1.mp4,8.22,0.0
results/huggies/C2L1PcYrdjW_2024-01-17_02-39-23_UTC_1.mp4,49.36,4.0
results/huggies/C8vUwWxRYje_2024-06-28_00-36-06_UTC.mp4,35.73,27.0
results/huggies/C7E5mMdOTnM_2024-05-17_16-38-54_UTC_1.mp4,36.38,8.0
results/huggies/C79fGbFO5eY_2024-06-08_16-06-47_UTC.mp4,32.3,13.0
results/huggies/DCSE67jAles_2024-11-12_19-09-33_UTC.mp4,48.67,52.0
results/huggies/C2La3UjvZ4u_2024-01-16_22-51-28_UTC_1.mp4,31.25,14.0
results/huggies/C_LobwOOonC_2024-08-27_17-30-07_UTC_1.mp4,27.19,
results/huggies/C_OZ-zayDHG_2024-08-28_19-21-08_UTC.mp4,24.08,
results/huggies/C0mgUu3ugah_2023-12-08_18-13-11_UTC_1.mp4,24.7,16.0
results/huggies/C687-D5OtXf_2024-05-14_14-26-47_UTC_1.mp4,30.3,30.0
results/huggies/C7ubuJJS8Id_2024-06-02_19-46-22_UTC_1.mp4,6.55,0.0
results/huggies/C6xb9OxL3K2_2024-05-10_03-14-31_UTC.mp4,30.55,16.0
results/huggies/C-TCddTyYQ2_2024-08-05_17-59-35_UTC.mp4,69.82,16.0
results/huggies/C8Fh47EPuSm_2024-06-11_19-05-03_UTC_1.mp4,30.11,5.0
results/huggies/C4Q2MLaPuyO_2024-03-08_18-25-31_UTC_1.mp4,54.23,56.0
results/huggies/DBKb9d1OPtI_2024-10-15_23-27-25_UTC.mp4,52.24,21.0
results/huggies/C90D8cPvFyx_2024-07-24_17-17-12_UTC.mp4,29.86,11.0
results/huggies/C6sB_TjsIgK_2024-05-08_00-53-21_UTC.mp4,23.22,23.0
results/huggies/C6rxtEdx_Vg_2024-05-07_22-28-37_UTC.mp4,48.78,21.0
results/huggies/C-8IXdRvK0S_2024-08-21_16-59-38_UTC.mp4,10.1,0.0
results/huggies/C7Rv6NquyoR_2024-05-22_16-24-36_UTC_1.mp4,12.23,8.0
results/huggies/C87zZpiS232_2024-07-02_20-54-17_UTC.mp4,37.43,43.0
results/huggies/DARj507OHuk_2024-09-23_21-18-04_UTC_1.mp4,30.3,22.0
results/huggies/C53oPisRA7v_2024-04-17_16-25-33_UTC_1.mp4,40.89,11.0
results/huggies/C6uxFzArosP_2024-05-09_02-21-20_UTC.mp4,71.96000000000001,25.0
results/huggies/DAWRN8CJdir_2024-09-25_17-09-51_UTC_1.mp4,19.04,20.0
results/huggies/C-8HR2RPmUl_2024-08-21_16-53-36_UTC_1.mp4,29.6,8.0
results/huggies/C-LgA6gS14l_2024-08-02_19-45-11_UTC_1.mp4,42.49,40.0
results/huggies/DBZ74y1OdGW_2024-10-21_23-55-46_UTC_1.mp4,28.02,20.0
results/huggies/C87sZp5PZ7b_2024-07-02_19-53-15_UTC.mp4,33.69,20.0
results/huggies/DAlSAqUOXXj_2024-10-01_13-06-19_UTC.mp4,64.97,28.0
results/huggies/DAbFMumObCv_2024-09-27_14-01-31_UTC.mp4,54.89,24.0
results/huggies/C3imYV3vKKS_2024-02-19_19-23-52_UTC_1.mp4,29.72,7.0
results/huggies/C7kFXYMvY4C_2024-05-29_19-21-05_UTC_1.mp4,28.49,15.0
results/huggies/C93l-StP826_2024-07-26_02-11-25_UTC_1.mp4,40.63,19.0
results/huggies/DAHMQrUJtJn_2024-09-19_20-39-41_UTC.mp4,49.87,22.0
results/huggies/C9kgqSaP9bA_2024-07-18_16-32-19_UTC_1.mp4,46.6,14.0
results/huggies/DBR-tY8yGVJ_2024-10-18_21-44-22_UTC.mp4,37.52,19.0
results/huggies/C_JFvg5SKxJ_2024-08-26_17-47-51_UTC.mp4,25.61,
results/huggies/C19zq-Bx1AB_2024-01-11_15-56-28_UTC.mp4,35.92,27.0
results/huggies/C6wnJvyRGdQ_2024-05-09_19-40-05_UTC.mp4,26.1,14.0
results/huggies/C9nOAW7JrHu_2024-07-19_17-34-26_UTC_1.mp4,35.29,14.0
results/huggies/C9lWPVKuz-F_2024-07-19_00-09-18_UTC_1.mp4,31.14,12.0
results/huggies/C9u0JbnPtTl_2024-07-22_16-24-04_UTC.mp4,38.29,25.0
results/huggies/C-IjfBpRcFo_2024-08-01_16-22-42_UTC.mp4,42.3,5.0
results/huggies/C9DxcNBOvEN_2024-07-05_23-11-28_UTC.mp4,45.95,28.0
results/huggies/C0PdABPv64r_2023-11-29_19-40-19_UTC_1.mp4,31.25,41.0
results/huggies/C2fSOj0ssBC_2024-01-24_15-59-41_UTC.mp4,18.53,11.0
results/huggies/DBhJ45wNr1r_2024-10-24_19-07-52_UTC.mp4,7.1,2.0
results/huggies/C5EN-hWLUmw_2024-03-28_17-19-34_UTC.mp4,73.09,29.0
results/huggies/C2fIdPWLJqy_2024-01-24_14-33-51_UTC_1.mp4,17.32,8.0
results/huggies/C3pzW3TsmvN_2024-02-22_14-31-35_UTC_1.mp4,30.11,22.0
results/huggies/DCVK1-ES41K_2024-11-13_23-57-26_UTC.mp4,34.15,9.0
results/huggies/DBRaZMjyWx__2024-10-18_16-26-15_UTC.mp4,27.84,16.0
results/huggies/C_YaPBlOHaf_2024-09-01_16-34-48_UTC.mp4,29.05,
results/huggies/C2iFd80vzdv_2024-01-25_18-04-34_UTC_1.mp4,20.06,15.0
results/huggies/C2z29pLMIcD_2024-02-01_15-43-54_UTC.mp4,34.22,20.0
results/huggies/C6uMM4hOVdw_2024-05-08_21-26-54_UTC_1.mp4,31.07,17.0
results/huggies/C4vRfrLsxhA_2024-03-20_14-01-19_UTC.mp4,30.11,22.0
results/huggies/C3vZXrdPYlX_2024-02-24_18-43-38_UTC_1.mp4,30.38,42.0
results/huggies/DBjp6oSP6yQ_2024-10-25_18-27-57_UTC_1.mp4,47.25,34.0
results/huggies/C0J1e0OMM7J_2023-11-27_15-01-22_UTC_1.mp4,34.36,27.0
results/huggies/C6p5oAOLkSM_2024-05-07_05-04-42_UTC_1.mp4,14.93,8.0
results/huggies/C6aXid9rMb__2024-05-01_04-15-16_UTC_1.mp4,13.98,7.0
results/huggies/C2A9zoMP_Uy_2024-01-12_21-22-31_UTC_1.mp4,33.27,12.0
results/huggies/Cz8bipmghft_2023-11-22_10-09-29_UTC.mp4,124.11,17.0
results/huggies/DCSBtpby5V__2024-11-12_18-50-29_UTC.mp4,36.78,13.0
results/huggies/C12NWLVxWOJ_2024-01-08_17-05-27_UTC.mp4,30.32,6.0
results/huggies/C3YFmUcMvW4_2024-02-15_17-24-24_UTC_1.mp4,34.94,13.0
results/huggies/C88Iv-pOgW1_2024-07-03_00-01-42_UTC.mp4,38.17,42.0
results/huggies/C2cuIoCReQM_2024-01-23_16-04-58_UTC_1.mp4,37.4,23.0
results/huggies/C6wuhA4vqC4_2024-05-09_20-58-58_UTC_1.mp4,26.44,32.0
results/huggies/C61N2jtOAy8_2024-05-11_14-28-10_UTC.mp4,22.66,19.0
results/huggies/C8ox3j7uxNl_2024-06-25_11-35-09_UTC.mp4,41.91,26.0
results/kudostobaby/DBWJz_xRP2Y_2024-10-20_12-36-18_UTC_1.mp4,130.47,12.0
results/luvs/C-1MqcxtRN4_2024-08-19_00-32-49_UTC_1.mp4,28.12,20.0
results/luvs/C5B4Hq6plwu_2024-03-27_19-24-59_UTC_1.mp4,27.68,17.0
results/luvs/C9fE_zQuIJQ_2024-07-16_13-41-15_UTC_1.mp4,23.94,17.0
results/luvs/DAHBZ0lviC7_2024-09-19_19-07-33_UTC_1.mp4,39.63,20.0
results/luvs/DBT_TjZuVRy_2024-10-19_16-28-58_UTC_1.mp4,59.83,11.0
results/luvs/DBhl_UJShgH_2024-10-24_23-14-29_UTC.mp4,40.31,22.0
results/luvs/DA9HBGQyqM3_2024-10-10_19-13-59_UTC.mp4,30.79,35.0
results/luvs/DBhRGUOSDcn_2024-10-24_20-12-39_UTC_1.mp4,27.14,28.0
results/luvs/C-AVkOPu83I_2024-07-29_11-41-30_UTC.mp4,19.9,21.0
results/luvs/C9S_h87JjN-_2024-07-11_21-04-44_UTC_1.mp4,26.7,7.0
results/luvs/C4q0gF1pn8A_2024-03-18_20-32-54_UTC.mp4,29.86,7.0
results/luvs/DBtzE9WuSrx_2024-10-29_17-02-08_UTC.mp4,37.22,21.0
results/luvs/DAIunnIRLYW_2024-09-20_11-03-06_UTC.mp4,4.0,0.0
results/luvs/C5CGC03OT5K_2024-03-27_21-27-10_UTC.mp4,36.64,11.0
results/luvs/C9f-biYyiMk_2024-07-16_22-03-25_UTC.mp4,17.18,4.0
results/coterie/C7UrACsPIn__2024-05-23_19-38-17_UTC_3.mp4,46.79,0.0
results/coterie/C3UKnCJM20g_2024-02-14_04-57-46_UTC_1.mp4,47.37,6.0
results/coterie/C7AxcCdLAAW_2024-05-16_02-09-43_UTC_1.mp4,4.87,0.0
results/coterie/C50yXdfrqN9_2024-04-16_13-57-06_UTC_1.mp4,40.66,50.0
results/coterie/C_OPxz_pxZG_2024-08-28_17-51-08_UTC_1.mp4,25.91,
results/coterie/C2FtxwBRDzg_2024-01-14_17-39-06_UTC_1.mp4,8.17,7.0
results/coterie/C-ENTmNu4LL_2024-07-30_23-47-31_UTC_1.mp4,13.59,9.0
results/coterie/DBRyRfaRNVn_2024-10-18_19-54-52_UTC.mp4,38.17,21.0
results/coterie/C69FLl1A2qw_2024-05-14_15-46-19_UTC.mp4,20.99,18.0
results/coterie/DCQcWwzu93h_2024-11-12_03-53-06_UTC_5.mp4,10.97,0.0
results/coterie/C-Nbj5Ss_kr_2024-08-03_13-43-16_UTC_1.mp4,31.02,28.0
results/coterie/C3Fs12rr5TK_2024-02-08_14-00-00_UTC.mp4,23.08,7.0
results/coterie/C7UrACsPIn__2024-05-23_19-38-17_UTC_5.mp4,15.42,
results/coterie/C4n3p9buShE_2024-03-17_17-04-23_UTC.mp4,21.99,27.0
results/coterie/C-V6tW3u8fR_2024-08-06_20-54-44_UTC_1.mp4,15.48,4.0
results/coterie/C-DXZgbOkpL_2024-07-30_15-54-25_UTC_1.mp4,13.6,9.0
results/coterie/Cz7GuxfJQM4_2023-11-21_21-45-43_UTC.mp4,18.29,8.0
results/coterie/DAi67vQOFfe_2024-09-30_15-04-09_UTC_1.mp4,28.14,5.0
results/coterie/C-sMKNjuCDh_2024-08-15_12-27-50_UTC.mp4,5.94,4.0
results/coterie/C3JZ0wivIqb_2024-02-10_00-36-19_UTC.mp4,18.27,9.0
results/coterie/C8W-DrQAy5D_2024-06-18_13-43-52_UTC_1.mp4,18.2,13.0
results/coterie/C13K-t2oUAQ_2024-01-09_02-03-32_UTC_4_1.mp4,8.22,0.0
results/coterie/DA9WW8hqLPk_2024-10-10_21-25-48_UTC.mp4,40.12,3.0
results/coterie/C5j1PoKgShq_2024-04-09_23-53-58_UTC.mp4,30.69,12.0
results/coterie/C-YbFlAS_Qo_2024-08-07_20-11-12_UTC.mp4,36.82,33.0
results/coterie/C6pdQHzNQwR_2024-05-07_00-51-00_UTC_1.mp4,7.57,0.0
results/coterie/C1zxtS8vCE7_2024-01-07_18-26-55_UTC_1.mp4,32.16,0.0
results/coterie/C7AxcCdLAAW_2024-05-16_02-09-43_UTC_9_1.mp4,4.5,
results/coterie/C9u8T2oOucZ_2024-07-22_17-33-12_UTC_1.mp4,30.14,6.0
results/coterie/C5Ootbmg-Yf_2024-04-01_18-20-58_UTC.mp4,24.98,26.0
results/coterie/C7SnXfEgTXf_2024-05-23_00-33-50_UTC.mp4,25.61,11.0
results/coterie/C-5_QPIyNVK_2024-08-20_21-17-52_UTC.mp4,18.74,4.0
results/coterie/C6q1DRvOxec_2024-05-07_13-38-16_UTC_1.mp4,32.48,11.0
results/healthybaby.co/C0SJ2okxsRd_2023-11-30_20-32-54_UTC_1.mp4,33.18,28.0
results/healthybaby.co/C3RCWt5Ol8A_2024-02-12_23-44-34_UTC.mp4,15.6,6.0
results/healthybaby.co/C3Blevwuey0_2024-02-06_23-40-13_UTC_1.mp4,15.6,6.0
results/healthybaby.co/C3NTFcRrinp_2024-02-11_12-50-32_UTC_1.mp4,15.62,6.0
results/pampersus/C7PtEmggi5l_2024-05-21_21-21-25_UTC.mp4,36.75,28.0
results/pampersus/C3Sw-2jO7Iy_2024-02-13_15-47-14_UTC_1.mp4,60.67,42.0
results/pampersus/C7kmStouRTx_2024-05-30_00-05-47_UTC_1.mp4,52.99,11.0
results/pampersus/C9ygmmVoAfO_2024-07-24_02-47-31_UTC.mp4,36.45,
results/pampersus/C_34z4juj2N_2024-09-13_22-04-35_UTC.mp4,37.5,
results/pampersus/C-8ZINFJTN0_2024-08-21_19-27-10_UTC.mp4,23.98,11.0
results/pampersus/C8xIf9ZOSLR_2024-06-28_17-28-23_UTC.mp4,43.63,36.0
results/pampersus/C69Ee2pJnBy_2024-05-14_15-39-48_UTC.mp4,37.36,8.0
results/pampersus/C2hps6UgHby_2024-01-25_14-00-00_UTC_1.mp4,79.85,19.0
results/pampersus/C8qPsZfRr45_2024-06-26_01-15-15_UTC_1.mp4,41.24,26.0
results/pampersus/C8PSosPtwoY_2024-06-15_14-00-00_UTC_1.mp4,29.37,10.0
results/pampersus/C5lyREIApvm_2024-04-10_18-13-47_UTC.mp4,36.89,33.0
results/pampersus/C7SaJYMvtDP_2024-05-22_22-33-31_UTC_1.mp4,29.77,8.0
results/pampersus/C8H-R1VpiBF_2024-06-12_17-48-35_UTC_1.mp4,44.3,24.0
results/pampersus/C-Lo_7ehvvY_2024-08-02_21-02-22_UTC.mp4,48.94,17.0
results/pampersus/C59xBnCM_af_2024-04-20_01-39-52_UTC.mp4,32.48,8.0
results/pampersus/C74uLkWu-Yt_2024-06-06_19-40-41_UTC.mp4,41.12,21.0
results/pampersus/C7juemCM0Fp_2024-05-29_15-58-10_UTC_1.mp4,29.58,29.0
results/pampersus/C7kYDHHMM4Z_2024-05-29_22-02-42_UTC.mp4,55.42,14.0
results/pampersus/DBKYrykxGEV_2024-10-15_22-55-27_UTC.mp4,43.23,28.0
results/pampersus/C8UVv9uJ3FW_2024-06-17_13-04-44_UTC_1.mp4,44.02,34.0
results/pampersus/C3TTHtouoR4_2024-02-13_20-51-01_UTC_1.mp4,35.62,16.0
results/pampersus/C8xFwihP3V0_2024-06-28_17-04-47_UTC_1.mp4,33.29,31.0
results/pampersus/C-8jjrLSwpH_2024-08-21_21-01-14_UTC.mp4,3.78,2.0
results/pampersus/C8prl3Py58P_2024-06-25_20-00-11_UTC_1.mp4,50.83,17.0
results/pampersus/C8pDqmSOnDJ_2024-06-25_14-10-34_UTC.mp4,44.49,8.0
results/pampersus/C5WjxAUv1md_2024-04-04_20-11-18_UTC_1.mp4,46.86,30.0
results/pampersus/C3LJ9nsghW9_2024-02-10_16-50-51_UTC_6.mp4,15.6,0.0
results/pampersus/C-L7Ys8S255_2024-08-02_23-44-36_UTC.mp4,31.16,16.0
results/pampersus/C8NKsmkPHkG_2024-06-14_18-13-52_UTC_1.mp4,42.81,23.0
results/pampersus/C8n8dAtNFnJ_2024-06-25_03-49-34_UTC_1.mp4,34.2,46.0
results/pampersus/C813nutxaEr_2024-06-30_13-43-35_UTC_1.mp4,78.48,13.0
results/pampersus/C9-Apt8JH7f_2024-07-28_13-59-07_UTC_5_1.mp4,1.6,
results/pampersus/C8XZPJSy2pU_2024-06-18_17-35-41_UTC_1.mp4,33.36,23.0
results/pampersus/C77RkcxR1HL_2024-06-07_19-32-54_UTC.mp4,30.74,27.0
results/pampersus/C8KaQQKP4ZX_2024-06-13_16-32-27_UTC_1.mp4,48.13,17.0
results/pampersus/C95YSx7hArU_2024-07-26_18-52-02_UTC_1.mp4,17.13,0.0
results/pampersus/C8DY6Acto0C_2024-06-10_23-05-02_UTC_1.mp4,40.96,17.0
results/pampersus/C8xKQVnPFrj_2024-06-28_17-45-17_UTC.mp4,45.37,54.0
results/pampersus/C_yZ_AJJ8xX_2024-09-11_18-52-58_UTC_1.mp4,30.23,
results/pampersus/C2lpu_rLcFG_2024-01-27_03-19-07_UTC_1.mp4,37.29,18.0
results/pampersus/C8dStCev-UU_2024-06-21_00-31-18_UTC.mp4,23.31,20.0
results/pampersus/DBCH6AsSoZA_2024-10-12_17-57-19_UTC.mp4,33.09,18.0
results/pampersus/C6w2XsvO45b_2024-05-09_21-45-32_UTC_1.mp4,33.06,6.0
results/pampersus/C7wtMAOMsLv_2024-06-03_17-02-36_UTC.mp4,45.67,30.0
results/pampersus/C8nlJQVMcqp_2024-06-25_00-30-43_UTC.mp4,45.81,14.0
results/pampersus/DB1gbXivPyS_2024-11-01_16-49-59_UTC_1.mp4,33.83,24.0
results/pampersus/DBeV82CvVW-_2024-10-23_16-55-55_UTC_1.mp4,43.6,23.0
results/pampersus/C507vDKLAGD_2024-04-16_15-18-25_UTC.mp4,29.83,17.0
results/pampersus/C2nJarErz2e_2024-01-27_17-14-18_UTC.mp4,46.34,35.0
results/pampersus/DAmPXTRvGLk_2024-10-01_22-00-00_UTC.mp4,40.84,27.0
results/pampersus/C7RZXuNsRvY_2024-05-22_13-09-35_UTC_1.mp4,145.45,56.0
results/pampersus/C6om6gFA3QA_2024-05-06_16-57-36_UTC_1.mp4,22.73,24.0
results/pampersus/C7UMllyRVAQ_2024-05-23_15-13-51_UTC.mp4,40.38,27.0
results/pampersus/C7g__78RCCw_2024-05-28_14-33-40_UTC.mp4,26.54,16.0
results/pampersus/C-EXfNpsxq6_2024-07-31_01-19-59_UTC_1.mp4,40.24,17.0
results/pampersus/C80N9R6u1j-_2024-06-29_22-38-52_UTC.mp4,54.82,12.0
results/pampersus/C-vJ_tlOYRR_2024-08-16_16-05-40_UTC.mp4,60.95,24.0
results/pampersus/DBUevVLS-e6_2024-10-19_21-05-07_UTC.mp4,54.7,24.0
results/pampersus/C83MZOaxgyB_2024-07-01_01-59-21_UTC.mp4,41.51,21.0
results/pampersus/C6rEMyMMGhC_2024-05-07_15-54-49_UTC_1.mp4,28.05,19.0
results/pampersus/C8pP_T9Rtas_2024-06-25_15-58-56_UTC.mp4,32.34,20.0
results/pampersus/C8xfcUSyDhv_2024-06-28_20-47-01_UTC_1.mp4,34.41,10.0
results/pampersus/C9-u8iASBN1_2024-07-28_20-48-42_UTC.mp4,57.7,19.0
results/pampersus/C6yvoNBuotL_2024-05-10_15-27-01_UTC_1.mp4,24.82,8.0
results/pampersus/C6op28WOxBJ_2024-05-06_17-28-16_UTC.mp4,49.83,31.0
results/pampersus/C6w1kPUr1FF_2024-05-10_01-07-11_UTC.mp4,37.54,20.0
results/pampersus/DAro7dfsqC5_2024-10-04_00-21-41_UTC.mp4,50.13,6.0
results/pampersus/C7mMR5AOzuy_2024-05-30_14-56-59_UTC_1.mp4,30.51,12.0
results/pampersus/C8xTBtERygC_2024-06-28_19-00-02_UTC.mp4,51.22,16.0
results/pampersus/C59Ry9VvqFn_2024-04-19_21-05-26_UTC_1.mp4,22.71,14.0
results/pampersus/C7146vMO2XJ_2024-06-05_17-18-04_UTC_1.mp4,35.13,12.0
results/pampersus/C8xNz_auwbY_2024-06-28_18-13-12_UTC_1.mp4,23.75,21.0
results/pampersus/C-EAjnYp9AR_2024-07-30_21-56-25_UTC_1.mp4,38.01,5.0
results/pampersus/DA4eyonJhiZ_2024-10-09_00-02-31_UTC_1.mp4,49.15,34.0
results/pampersus/DBCCSeMS-70_2024-10-12_17-07-16_UTC_1.mp4,36.82,26.0
results/pampersus/C8H38rlgVtM_2024-06-12_16-58-38_UTC.mp4,42.37,9.0
results/pampersus/C-sk0rlx3-A_2024-08-15_16-00-00_UTC.mp4,41.24,8.0
results/pampersus/C5gr8hPRYVp_2024-04-08_18-36-40_UTC_1.mp4,26.61,16.0
results/pampersus/C77EXWQR2N-_2024-06-07_17-31-28_UTC.mp4,41.49,7.0
results/pampersus/C48RMElLZ1Y_2024-03-25_15-13-05_UTC_1.mp4,33.99,26.0
results/pampersus/C7Zx59BRLiM_2024-05-25_19-16-09_UTC_1.mp4,56.47,31.0
results/pampersus/C-EIa8wS7Hm_2024-07-30_23-03-29_UTC_1.mp4,52.82,29.0
results/pampersus/DB1rCVTJU-I_2024-11-01_18-25-00_UTC_1.mp4,26.51,21.0
results/pampersus/C7jpJS1sdL3_2024-05-29_15-11-57_UTC_1.mp4,51.92,22.0
results/pampersus/C7Un4XwJMN6_2024-05-23_19-15-00_UTC_1.mp4,39.03,27.0
results/pampersus/C83B1EpMdep_2024-07-01_00-23-35_UTC_1.mp4,44.49,12.0
results/pampersus/C8udH1LPvhn_2024-06-27_16-30-39_UTC.mp4,40.47,17.0
results/pampersus/C8uUSrWpzqv_2024-06-27_15-14-31_UTC.mp4,33.67,17.0
results/pampersus/C7ZGPj5AFhq_2024-05-25_12-53-49_UTC.mp4,36.2,29.0
results/pampersus/C5EvBVIANf7_2024-03-28_22-03-25_UTC.mp4,25.72,3.0
results/pampersus/C8Fg-OnPHPJ_2024-06-11_18-54-23_UTC.mp4,28.88,12.0
results/pampersus/C2yS1sdsf3e_2024-02-01_01-08-25_UTC.mp4,51.82,21.0
results/pampersus/C6hDjz_g82H_2024-05-03_18-35-10_UTC_1.mp4,31.11,20.0
results/pampersus/C22PvAPOMiJ_2024-02-02_13-59-07_UTC.mp4,70.73,20.0
results/pampersus/C8hO4jkOQgl_2024-06-22_13-14-34_UTC.mp4,44.63,16.0
results/pampersus/C_sZ6jMO4qj_2024-09-09_10-59-11_UTC_1.mp4,30.11,
results/pampersus/C43eNA_gfMM_2024-03-23_18-31-18_UTC.mp4,35.59,25.0
results/pampersus/C7oyxBVgHIp_2024-05-31_15-13-39_UTC_1.mp4,38.84,5.0
results/pampersus/C8fLGU5O-W8_2024-06-21_18-05-19_UTC.mp4,45.32,14.0
results/pampersus/DA6oTXQSCRn_2024-10-09_20-12-37_UTC_1.mp4,40.93,21.0
results/pampersus/C5g-9THrKnN_2024-04-08_21-21-28_UTC.mp4,29.14,12.0
results/pampersus/C6zAvZngvwg_2024-05-10_17-55-30_UTC.mp4,30.86,15.0
results/pampersus/C8w-HlTJSYx_2024-06-28_15-59-14_UTC_1.mp4,37.59,18.0
results/pampersus/C7E44h-OtbZ_2024-05-17_16-33-27_UTC.mp4,26.12,16.0
results/pampersus/C3bBGTAuHCN_2024-02-16_20-44-28_UTC_1.mp4,45.04,5.0
results/pampersus/C8vXV0dPIKf_2024-06-28_00-58-52_UTC_1.mp4,33.46,19.0
results/pampersus/C7pIiNyuBoE_2024-05-31_18-21-50_UTC_1.mp4,41.33,25.0
results/pampersus/C761XVSu5iS_2024-06-07_15-21-28_UTC.mp4,32.71,16.0
results/pampersus/C8njDanOaAF_2024-06-25_00-07-21_UTC.mp4,34.69,21.0
results/pampersus/C6aAfTrRNNy_2024-05-01_00-53-07_UTC_1.mp4,57.86,25.0
results/pampersus/C6jklsmvMB4_2024-05-04_18-11-06_UTC_1.mp4,51.59,31.0
results/pampersus/C7j23xUR-1B_2024-05-29_17-13-11_UTC.mp4,42.37,17.0
results/pampersus/C8up0J_pIMt_2024-06-27_18-20-07_UTC_1.mp4,27.95,13.0
results/pampersus/C7LNJ7-rvmr_2024-05-20_03-28-04_UTC_1.mp4,29.44,3.0
results/pampersus/C_1ZZFdS2BR_2024-09-12_22-45-54_UTC.mp4,59.93,
results/pampersus/C7M7LjauTyq_2024-05-20_19-26-43_UTC.mp4,28.67,40.0
results/pampersus/C_1d7I7ubKP_2024-09-12_23-25-25_UTC_1.mp4,46.99,
results/pampersus/C8U1yPWv21j_2024-06-17_17-45-45_UTC_1.mp4,37.87,9.0
results/pampersus/C7kbcy-smRp_2024-05-29_22-31-05_UTC_1.mp4,43.28,11.0
results/pampersus/C8udESnRVSU_2024-06-27_16-30-03_UTC_1.mp4,45.16,30.0
results/pampersus/C-X4rNDMWji_2024-08-07_15-10-06_UTC_1.mp4,43.26,26.0
results/pampersus/C5yvfemPpXU_2024-04-15_18-56-30_UTC.mp4,47.95,8.0
results/pampersus/C8rgy4rgyly_2024-06-26_13-04-39_UTC.mp4,22.73,20.0
results/pampersus/DAlxuF7P_WK_2024-10-01_17-42-51_UTC_1.mp4,32.83,25.0
results/pampersus/C7xKWw6S4v1_2024-06-03_21-13-06_UTC.mp4,26.4,17.0
results/pampersus/C_0awDqOUy0_2024-09-12_13-39-15_UTC.mp4,27.98,
results/pampersus/C717jWBRj4Z_2024-06-05_17-41-59_UTC.mp4,50.38,25.0
results/pampersus/C6w4BnRx79C_2024-05-09_22-00-39_UTC.mp4,36.66,36.0
results/pampersus/C8w4lHKAYxC_2024-06-28_15-12-12_UTC.mp4,49.76,11.0
results/pampersus/C6y2BoCL_F-_2024-05-10_16-20-50_UTC.mp4,34.94,16.0
results/pampersus/C8xbXsPhjyU_2024-06-28_20-12-26_UTC_1.mp4,38.66,15.0
results/pampersus/C6yz7AzLf6Q_2024-05-10_16-04-02_UTC_1.mp4,32.78,14.0
results/pampersus/C-nw4gyyYc__2024-08-13_19-12-00_UTC_1.mp4,39.17,16.0
results/pampersus/C8X_E4dp9G4_2024-06-18_23-04-55_UTC_1.mp4,35.5,22.0
results/pampersus/C_GafXNJb-a_2024-08-25_16-51-20_UTC.mp4,11.54,
results/pampersus/DBR1DZivO14_2024-10-18_20-20-25_UTC_1.mp4,46.46,17.0
results/pampersus/C7olDiDOpXR_2024-05-31_13-11-51_UTC.mp4,27.19,14.0
results/pampersus/C5G83r-uEyy_2024-03-29_18-42-54_UTC.mp4,40.05,0.0
results/pampersus/C-qWekER-UE_2024-08-14_19-18-29_UTC_1.mp4,31.37,20.0
results/pampersus/C75M0emPXtA_2024-06-07_00-06-47_UTC_1.mp4,33.74,15.0
results/pampersus/C7wpAg-OpIc_2024-06-03_16-24-28_UTC.mp4,52.06,12.0
results/pampersus/C8dLDlUtkzp_2024-06-20_23-25-11_UTC.mp4,58.88,23.0
results/pampersus/C8247EBuf3Q_2024-06-30_23-09-02_UTC.mp4,48.9,18.0
results/pampersus/C9U9cauO3R8_2024-07-12_15-25-34_UTC.mp4,39.94,12.0
results/pampersus/C8zQX9Suaub_2024-06-29_13-14-57_UTC.mp4,36.8,27.0
results/pampersus/Cz8bipmghft_2023-11-22_10-09-29_UTC.mp4,124.11,
results/pampersus/C_txe9fshvU_2024-09-09_23-43-17_UTC_1.mp4,34.41,
results/pampersus/C7SP9VBOv1U_2024-05-22_21-06-29_UTC_1.mp4,54.47,30.0
results/pampersus/C6Jg_loubJf_2024-04-24_15-08-28_UTC_1.mp4,46.99,21.0
results/pampersus/C8LY5gUxIyE_2024-06-14_01-43-00_UTC.mp4,42.91,19.0
results/pampersus/C8fyvTYgr1L_2024-06-21_23-51-30_UTC_1.mp4,27.86,16.0
results/pampersus/C_qGjQyJe-o_2024-09-08_13-47-31_UTC.mp4,15.95,
results/pampersus/C6tuT7IptOY_2024-05-08_16-39-14_UTC_1.mp4,32.48,9.0
results/pampersus/C8KbMrhuTZ6_2024-06-13_16-41-17_UTC.mp4,44.58,38.0
results/pampersus/DCCfgDJx_Fo_2024-11-06_17-59-25_UTC_1.mp4,32.39,21.0
results/pampersus/C9NpZJIS3cq_2024-07-09_19-35-24_UTC.mp4,90.14,21.0
results/pampersus/DBRE-_vpwxh_2024-10-18_13-21-06_UTC_1.mp4,35.36,17.0
results/pampersus/DBWjNbBvoud_2024-10-20_16-17-27_UTC_1.mp4,22.38,18.0
results/pampersus/C_f353aOIfz_2024-09-04_14-10-18_UTC.mp4,40.91,
results/pampersus/C85gvKvyYuO_2024-07-01_23-39-27_UTC.mp4,18.29,10.0
results/theninjamas/C8LTlFYvKt2_2024-06-14_00-53-42_UTC_1.mp4,28.56,14.0
results/theninjamas/DBbszl6RGAG_2024-10-22_16-18-05_UTC_1.mp4,29.9,38.0
results/theninjamas/DBQ5OM6uEQ1_2024-10-18_11-37-03_UTC_1.mp4,38.4,12.0
results/theninjamas/C8NzOTEvIz0_2024-06-15_00-15-08_UTC.mp4,28.67,2.0
results/theninjamas/C7zzSp4vDK2_2024-06-04_21-48-22_UTC.mp4,27.91,17.0
results/theninjamas/DBZyJxJSi7B_2024-10-21_22-47-25_UTC_1.mp4,41.93,6.0
results/theninjamas/DBZadHsPgLS_2024-10-21_19-00-37_UTC_1.mp4,39.12,14.0
results/theninjamas/C82l51EP5p-_2024-06-30_20-21-06_UTC.mp4,44.74,5.0
results/theninjamas/DBZcfWGSbJo_2024-10-21_19-18-01_UTC.mp4,35.55,25.0
results/theninjamas/DBaWN8rp6tg_2024-10-22_03-41-44_UTC.mp4,34.04,10.0
results/theninjamas/C84eYppJ9BL_2024-07-01_13-55-02_UTC_1.mp4,51.73,8.0
results/theninjamas/DBMMf7pvcbR_2024-10-16_15-50-47_UTC_1.mp4,39.84,14.0
results/theninjamas/C77ghArhJCK_2024-06-07_21-38-12_UTC_1.mp4,19.22,8.0
results/theninjamas/C8z8C6HuHxB_2024-06-29_19-35-57_UTC.mp4,34.08,25.0
